{
  "timestamp": "2025-06-10T22:39:12.591484",
  "duration": 300,
  "sensors": {
    "TGS2600": {
      "R0": 23746.239422134277,
      "baseline_voltage": 1.481853499606971
    },
    "TGS2602": {
      "R0": 22716.775163842,
      "baseline_voltage": 1.5284925918380308
    },
    "TGS2610": {
      "R0": 24390.54955187397,
      "baseline_voltage": 1.4541406606349994
    }
  }
}